{
  "users": [
    {
      "id": "0",
      "name": "Franz",
      "balance": 0
    },
    {
      "id": "1",
      "name": "Hubert",
      "balance": 0.5
    },
    {
      "id": "2",
      "name": "Max",
      "balance": 0
    },
    {
      "id": "3",
      "name": "Sepp",
      "balance": 0
    },
    {
      "id": "4",
      "name": "Lois",
      "balance": 0
    },
    {
      "id": "5",
      "name": "Heinrich",
      "balance": 0
    },
    {
      "id": "6",
      "name": "Resi",
      "balance": 0
    },
    {
      "id": "7",
      "name": "Fritz",
      "balance": 0
    },
    {
      "id": "8",
      "name": "Maria",
      "balance": 0
    },
    {
      "id": "9",
      "name": "Walter",
      "balance": 0
    },
    {
      "id": "10",
      "name": "Max",
      "balance": 0
    },
    {
      "id": "11",
      "name": "Gust",
      "balance": 0
    },
    {
      "id": "12",
      "name": "Hans",
      "balance": 0
    },
    {
      "id": "13",
      "name": "Herbert",
      "balance": 0
    },
    {
      "id": "14",
      "name": "BARVERKAUF",
      "balance": 0,
      "noBalance": true
    }
  ],
  "items": [
    {
      "id": "0",
      "name": "Bier",
      "price": 2,
      "perKg": false
    },
    {
      "id": "1",
      "name": "Spitzer",
      "price": 2,
      "perKg": false
    },
    {
      "id": "2",
      "name": "Limo",
      "price": 1,
      "perKg": false
    },
    {
      "id": "3",
      "name": "Mineral",
      "price": 1,
      "perKg": false
    },
    {
      "id": "4",
      "name": "Pizza",
      "price": 7,
      "perKg": false,
      "stock": 10
    },
    {
      "id": "5",
      "name": "Forelle",
      "price": 13,
      "perKg": true,
      "stock": 10
    },
    {
      "id": "6",
      "name": "Zander",
      "price": 15,
      "perKg": true,
      "stock": 5
    }
  ],
  "logs": [
    {
      "timestamp": "03.07.2025 16:53:39",
      "msg": "Rene kauft Bier (2.00€)"
    },
    {
      "timestamp": "03.07.2025 16:53:45",
      "msg": "Rene zahlt 1.50€"
    },
    {
      "timestamp": "27.07.25 11:09",
      "msg": "User Franz bearbeitet"
    },
    {
      "timestamp": "27.07.25 11:09",
      "msg": "User Hubert bearbeitet"
    },
    {
      "timestamp": "27.07.25 11:09",
      "msg": "User Max bearbeitet"
    },
    {
      "timestamp": "27.07.25 11:09",
      "msg": "User Sepp bearbeitet"
    },
    {
      "timestamp": "27.07.25 11:09",
      "msg": "User Lois bearbeitet"
    },
    {
      "timestamp": "27.07.25 11:09",
      "msg": "User Heinrich bearbeitet"
    },
    {
      "timestamp": "27.07.25 11:09",
      "msg": "User Resi bearbeitet"
    },
    {
      "timestamp": "27.07.25 11:10",
      "msg": "User Fritz bearbeitet"
    },
    {
      "timestamp": "27.07.25 11:10",
      "msg": "User Maria bearbeitet"
    },
    {
      "timestamp": "27.07.25 11:10",
      "msg": "User Walter bearbeitet"
    },
    {
      "timestamp": "27.07.25 11:11",
      "msg": "User Max bearbeitet"
    },
    {
      "timestamp": "27.07.25 11:12",
      "msg": "User Gust bearbeitet"
    },
    {
      "timestamp": "27.07.25 11:12",
      "msg": "User Hans bearbeitet"
    },
    {
      "timestamp": "27.07.25 11:12",
      "msg": "User BARVERKAUF bearbeitet"
    },
    {
      "timestamp": "27.07.25 11:43",
      "msg": "BARVERKAUF kauft Limo (1 Stk) (1.00€)"
    },
    {
      "timestamp": "27.07.25 11:43",
      "msg": "User Herbert bearbeitet"
    },
    {
      "timestamp": "27.07.25 11:44",
      "msg": "Storno: BARVERKAUF kauft Forelle 1.00kg, 2 Stk (13.00€)"
    }
  ]
}